-- Inserindo dados na tabela Clientes
INSERT INTO Clientes (Codigo, Nome, Cidade, UF) VALUES 
(1, 'Maria Silva', 'São Paulo', 'SP'),
(2, 'João Souza', 'Rio de Janeiro', 'RJ'),
(3, 'Carlos Pereira', 'Belo Horizonte', 'MG'),
(4, 'Ana Oliveira', 'Curitiba', 'PR'),
(5, 'Paulo Lima', 'Salvador', 'BA'),
(6, 'Fernanda Gomes', 'Fortaleza', 'CE'),
(7, 'Rodrigo Santos', 'Recife', 'PE'),
(8, 'Juliana Costa', 'Porto Alegre', 'RS'),
(9, 'Marcos Almeida', 'Florianópolis', 'SC'),
(10, 'Bianca Castro', 'Goiânia', 'GO'),
(11, 'Lucas Oliveira', 'Manaus', 'AM'),
(12, 'Sofia Pereira', 'Brasília', 'DF'),
(13, 'Pedro Martins', 'Vitória', 'ES'),
(14, 'Cláudia Rocha', 'Belém', 'PA'),
(15, 'Daniel Mendes', 'Maceió', 'AL'),
(16, 'Larissa Sousa', 'Campo Grande', 'MS'),
(17, 'Renato Barbosa', 'São Luís', 'MA'),
(18, 'Tatiana Fernandes', 'Teresina', 'PI'),
(19, 'André Moreira', 'Aracaju', 'SE'),
(20, 'Gabriela Lima', 'João Pessoa', 'PB');

-- Inserindo dados na tabela Produtos
INSERT INTO Produtos (Codigo, Descricao, PrecoVenda) VALUES 
(1, 'Camiseta Básica', 29.90),
(2, 'Calça Jeans', 99.90),
(3, 'Tênis Esportivo', 149.90),
(4, 'Jaqueta de Couro', 199.90),
(5, 'Bermuda Masculina', 49.90),
(6, 'Blusa de Moletom', 79.90),
(7, 'Boné Unissex', 25.90),
(8, 'Relógio Digital', 299.90),
(9, 'Óculos de Sol', 89.90),
(10, 'Bolsa Feminina', 109.90),
(11, 'Cinto de Couro', 39.90),
(12, 'Sandália Feminina', 69.90),
(13, 'Vestido Longo', 129.90),
(14, 'Camisa Social', 59.90),
(15, 'Calçado Social', 189.90),
(16, 'Chinelo Casual', 19.90),
(17, 'Jaqueta Jeans', 139.90),
(18, 'Cachecol Inverno', 29.90),
(19, 'Calça Legging', 49.90),
(20, 'Blusa de Frio', 89.90);

-- Inserindo dados na tabela Pedidos (somente os dados gerais)
INSERT INTO Pedidos (NumeroPedido, DataEmissao, CodigoCliente, ValorTotal) VALUES
(1, '2023-10-01', 1, 499.50),
(2, '2023-10-02', 2, 349.70),
(3, '2023-10-03', 3, 299.80),
(4, '2023-10-04', 4, 219.90),
(5, '2023-10-05', 5, 189.90),
(6, '2023-10-06', 6, 99.90),
(7, '2023-10-07', 7, 69.90),
(8, '2023-10-08', 8, 109.90),
(9, '2023-10-09', 9, 279.70),
(10, '2023-10-10', 10, 129.90),
(11, '2023-10-11', 11, 149.80),
(12, '2023-10-12', 12, 199.80),
(13, '2023-10-13', 13, 299.90),
(14, '2023-10-14', 14, 459.50),
(15, '2023-10-15', 15, 179.90),
(16, '2023-10-16', 16, 149.90),
(17, '2023-10-17', 17, 399.80),
(18, '2023-10-18', 18, 89.90),
(19, '2023-10-19', 19, 149.90),
(20, '2023-10-20', 20, 359.70);

-- Inserindo dados na tabela PedidosProdutos (relacionamento de produtos com pedidos)
INSERT INTO PedidosProdutos (NumeroPedido, CodigoProduto, Quantidade, ValorUnitario, ValorTotal) VALUES
(1, 1, 5, 29.90, 149.50),
(1, 3, 2, 149.90, 299.80),
(1, 5, 1, 49.90, 49.90),
(2, 2, 3, 99.90, 299.70),
(2, 7, 2, 25.90, 51.80),
(3, 8, 1, 299.90, 299.90),
(4, 1, 3, 29.90, 89.70),
(4, 10, 1, 109.90, 109.90),
(5, 15, 1, 189.90, 189.90),
(6, 6, 1, 99.90, 99.90),
(7, 16, 2, 19.90, 39.80),
(8, 18, 3, 29.90, 89.70),
(9, 12, 2, 69.90, 139.80),
(9, 13, 1, 129.90, 129.90),
(10, 20, 1, 89.90, 89.90),
(10, 9, 1, 39.90, 39.90),
(11, 4, 1, 199.90, 199.90),
(12, 17, 2, 139.90, 279.80),
(13, 3, 2, 149.90, 299.80),
(14, 14, 3, 59.90, 179.70),
(15, 15, 1, 189.90, 189.90),
(16, 6, 1, 99.90, 99.90),
(17, 16, 2, 19.90, 39.80),
(18, 18, 3, 29.90, 89.70),
(19, 12, 2, 69.90, 139.80),
(19, 13, 1, 129.90, 129.90),
(20, 20, 1, 89.90, 89.90),
(20, 9, 1, 39.90, 39.90);


